{
    "camera": {
        "fieldOfView": 49.550281137663845,
        "from": [
            9.975959777832031,
            -1.9043903876081458e-06,
            4.255246162414551
        ],
        "to": [
            9.000518798828125,
            -2.934433268819703e-06,
            4.0349860191345215
        ],
        "up": [
            -0.22026027739048004,
            -1.6503624067354394e-07,
            0.9754412770271301
        ]
    },
    "output": {
        "resolution": [
            1024,
            1024
        ]
    },
    "surface": [
        "scene.obj"
    ],
    "directionalLights": [
        {
            "direction": [
                0.5255120396614075,
                -0.4352065324783325,
                0.7310488224029541
            ],
            "radiance": [
                2.0,
                2.0,
                2.0
            ]
        }
    ],
    "pointLights": [
        {
            "location": [
                0.0,
                0.0,
                16.708362579345703
            ],
            "radiance": [
                3.183098861837907,
                3.183098861837907,
                3.183098861837907
            ]
        }
    ]
}